{
  "tau": 0.9,
  "feature_cols": [
    "mean_monthly_vol",
    "p90_monthly_vol",
    "std_monthly_vol",
    "recent_3m_avg",
    "jan_avg_vol",
    "size_score",
    "cooler_count",
    "decay_transport",
    "decay_food",
    "decay_worship",
    "decay_education",
    "decay_market",
    "decay_total"
  ],
  "mu": [
    211.85766086999996,
    320.98330880999913,
    80.45544763500068,
    229.49239671500092,
    206.60173512000034,
    1.70545,
    1.291,
    0.14044482500000288,
    0.09314930499999895,
    1.475379910000002,
    0.7394100500000027,
    0.09698014999999897,
    2.689542079999988
  ],
  "sd": [
    312.7553994799673,
    419.25937006527704,
    72.70132832617648,
    344.2257819360843,
    321.63927173430454,
    0.8938625719314972,
    1.3754704649683174,
    0.19783799183478498,
    0.16130543439239406,
    0.9496756922325613,
    0.5774258810150411,
    0.16204287502070655,
    1.5742643493331407
  ],
  "beta": [
    421.31775617985124,
    498.3411901249497,
    -184.76131603950242,
    178.2970384107118,
    3.8382846698075994,
    -10.63320684858996,
    8.509581371939746,
    -0.8867273888332488,
    -0.27147224113991103,
    -0.14302519806977146,
    -0.3790745336584231,
    0.8980420456740607,
    0.31092314610708,
    0.14453327084333112
  ],
  "pinball_loss_train": 4.966145,
  "note": "beta[0]=intercept; beta[i+1] applies to z-scored feature i"
}