{
  "tau": 0.9,
  "feature_cols": [
    "mean_monthly_vol",
    "p90_monthly_vol",
    "std_monthly_vol",
    "recent_3m_avg",
    "jan_avg_vol",
    "size_score",
    "cooler_count",
    "decay_transport",
    "decay_food",
    "decay_worship",
    "decay_education",
    "decay_market",
    "decay_total"
  ],
  "mu": [
    211.85766086999996,
    320.98330880999913,
    80.45544763500068,
    229.49239671500092,
    206.60173512000034,
    1.70545,
    1.291,
    0.0,
    0.0,
    0.0,
    0.0,
    0.0,
    0.0
  ],
  "sd": [
    312.7553994799673,
    419.25937006527704,
    72.70132832617648,
    344.2257819360843,
    321.63927173430454,
    0.8938625719314972,
    1.3754704649683174,
    1.0,
    1.0,
    1.0,
    1.0,
    1.0,
    1.0
  ],
  "beta": [
    421.37192411769325,
    499.23634853690857,
    -184.63601535773577,
    178.3616132223008,
    3.536645898374846,
    -11.36393281017355,
    8.228315922571703,
    -0.48971253354825933,
    0.0,
    0.0,
    0.0,
    0.0,
    0.0,
    0.0
  ],
  "pinball_loss_train": 4.969668,
  "note": "beta[0]=intercept; beta[i+1] applies to z-scored feature i"
}